Subject,LVOT,split
LVOT1,2.255,train
LVOT2,2.206666667,train
LVOT3,2.096666667,train
LVOT4,2.038333333,train
LVOT5,1.978333333,val
LVOT7,2.073333333,val
LVOT8,2.351666667,val
LVOT9,2.181666667,test
LVOT10,2.06,test
LVOT11,1.826666667,test